ENLIGHTEN Version,2.2.7
Measurement ID,20201009-093810-270034-WP-00702
Serial Number,WP-00702
Model,WP-785-C2-LMMFC
Label,09:38:10 WP-00702
Declared Match,
Declared Score,0
Scan Averaging,10
Boxcar,0
Technique,Scope
Baseline Correction Algo,
ROI Pixel Start,0
ROI Pixel End,1023
Slit Width,25
Vignetted,False
Interpolated,False
Raman Intensity Corrected,False
Deconvolved,False
Integration Time,1000
Timestamp,2020-10-09 09:38:10.270034
Note,
Temperature,-14.52968311496079
CCD C0,790.7625122070312
CCD C1,0.28129664063453674
CCD C2,1.8011121937888674e-05
CCD C3,-2.512435592905149e-08
CCD Offset,0
CCD Gain,1.9
Laser Wavelength,785.051
Laser Enable,True
Laser Power,50.0
Laser Temperature,-95.6635622537485
Pixel Count,1024

Pixel,Wavelength,Wavenumber,Processed,Raw,Dark,Reference
0,790.76,92.00,21250.10,21250.10,,
1,791.04,96.50,21272.20,21272.20,,
2,791.33,101.00,21242.80,21242.80,,
3,791.61,105.49,21113.10,21113.10,,
4,791.89,109.98,20833.80,20833.80,,
5,792.17,114.46,20414.00,20414.00,,
6,792.45,118.95,19864.40,19864.40,,
7,792.73,123.43,19324.10,19324.10,,
8,793.01,127.91,18755.60,18755.60,,
9,793.30,132.38,18231.60,18231.60,,
10,793.58,136.86,17777.20,17777.20,,
11,793.86,141.33,17438.50,17438.50,,
12,794.14,145.80,17129.70,17129.70,,
13,794.42,150.26,16786.90,16786.90,,
14,794.70,154.73,16367.20,16367.20,,
15,794.99,159.19,15941.30,15941.30,,
16,795.27,163.64,15457.90,15457.90,,
17,795.55,168.10,14982.50,14982.50,,
18,795.83,172.55,14689.30,14689.30,,
19,796.11,177.00,14680.40,14680.40,,
20,796.40,181.45,14983.70,14983.70,,
21,796.68,185.89,15531.40,15531.40,,
22,796.96,190.34,16192.90,16192.90,,
23,797.24,194.78,16985.40,16985.40,,
24,797.52,199.21,17900.90,17900.90,,
25,797.81,203.65,18820.40,18820.40,,
26,798.09,208.08,19862.70,19862.70,,
27,798.37,212.51,21025.90,21025.90,,
28,798.65,216.93,22366.80,22366.80,,
29,798.93,221.36,23778.00,23778.00,,
30,799.22,225.78,25394.10,25394.10,,
31,799.50,230.20,26881.10,26881.10,,
32,799.78,234.61,27967.20,27967.20,,
33,800.06,239.03,28167.60,28167.60,,
34,800.35,243.44,27069.30,27069.30,,
35,800.63,247.84,24819.40,24819.40,,
36,800.91,252.25,21885.60,21885.60,,
37,801.19,256.65,19017.20,19017.20,,
38,801.48,261.05,16613.20,16613.20,,
39,801.76,265.45,14736.70,14736.70,,
40,802.04,269.84,13318.70,13318.70,,
41,802.32,274.24,12199.20,12199.20,,
42,802.61,278.63,11307.60,11307.60,,
43,802.89,283.01,10550.50,10550.50,,
44,803.17,287.40,9896.50,9896.50,,
45,803.46,291.78,9330.40,9330.40,,
46,803.74,296.16,8858.90,8858.90,,
47,804.02,300.53,8466.20,8466.20,,
48,804.30,304.91,8134.60,8134.60,,
49,804.59,309.28,7843.90,7843.90,,
50,804.87,313.65,7610.10,7610.10,,
51,805.15,318.01,7417.20,7417.20,,
52,805.44,322.38,7272.40,7272.40,,
53,805.72,326.74,7179.20,7179.20,,
54,806.00,331.09,7101.80,7101.80,,
55,806.28,335.45,7042.90,7042.90,,
56,806.57,339.80,7026.50,7026.50,,
57,806.85,344.15,7038.30,7038.30,,
58,807.13,348.50,7067.40,7067.40,,
59,807.42,352.85,7123.80,7123.80,,
60,807.70,357.19,7225.50,7225.50,,
61,807.98,361.53,7341.30,7341.30,,
62,808.27,365.86,7474.70,7474.70,,
63,808.55,370.20,7616.70,7616.70,,
64,808.83,374.53,7760.00,7760.00,,
65,809.12,378.86,7857.80,7857.80,,
66,809.40,383.18,7937.40,7937.40,,
67,809.68,387.51,8029.10,8029.10,,
68,809.97,391.83,8046.20,8046.20,,
69,810.25,396.15,8033.80,8033.80,,
70,810.53,400.46,7959.80,7959.80,,
71,810.82,404.78,7812.50,7812.50,,
72,811.10,409.09,7638.80,7638.80,,
73,811.38,413.40,7382.10,7382.10,,
74,811.67,417.70,7175.80,7175.80,,
75,811.95,422.00,7007.50,7007.50,,
76,812.23,426.30,6882.60,6882.60,,
77,812.52,430.60,6792.60,6792.60,,
78,812.80,434.90,6750.30,6750.30,,
79,813.08,439.19,6695.60,6695.60,,
80,813.37,443.48,6647.20,6647.20,,
81,813.65,447.76,6613.30,6613.30,,
82,813.94,452.05,6574.60,6574.60,,
83,814.22,456.33,6562.70,6562.70,,
84,814.50,460.61,6538.20,6538.20,,
85,814.79,464.89,6503.20,6503.20,,
86,815.07,469.16,6480.30,6480.30,,
87,815.36,473.43,6443.30,6443.30,,
88,815.64,477.70,6428.50,6428.50,,
89,815.92,481.97,6420.40,6420.40,,
90,816.21,486.23,6416.00,6416.00,,
91,816.49,490.49,6394.90,6394.90,,
92,816.77,494.75,6384.60,6384.60,,
93,817.06,499.00,6366.20,6366.20,,
94,817.34,503.26,6381.10,6381.10,,
95,817.63,507.51,6369.50,6369.50,,
96,817.91,511.75,6370.20,6370.20,,
97,818.19,516.00,6358.80,6358.80,,
98,818.48,520.24,6332.40,6332.40,,
99,818.76,524.48,6290.70,6290.70,,
100,819.05,528.72,6285.00,6285.00,,
101,819.33,532.95,6280.10,6280.10,,
102,819.62,537.18,6267.50,6267.50,,
103,819.90,541.41,6249.60,6249.60,,
104,820.18,545.64,6264.00,6264.00,,
105,820.47,549.86,6296.60,6296.60,,
106,820.75,554.08,6339.40,6339.40,,
107,821.04,558.30,6392.00,6392.00,,
108,821.32,562.52,6517.30,6517.30,,
109,821.61,566.73,6791.60,6791.60,,
110,821.89,570.94,7130.20,7130.20,,
111,822.17,575.15,7129.30,7129.30,,
112,822.46,579.36,6802.40,6802.40,,
113,822.74,583.56,6574.70,6574.70,,
114,823.03,587.76,6440.20,6440.20,,
115,823.31,591.96,6418.60,6418.60,,
116,823.60,596.15,6452.30,6452.30,,
117,823.88,600.34,6507.80,6507.80,,
118,824.17,604.53,6482.90,6482.90,,
119,824.45,608.72,6418.60,6418.60,,
120,824.73,612.91,6373.50,6373.50,,
121,825.02,617.09,6380.70,6380.70,,
122,825.30,621.27,6411.10,6411.10,,
123,825.59,625.44,6479.30,6479.30,,
124,825.87,629.62,6537.60,6537.60,,
125,826.16,633.79,6551.80,6551.80,,
126,826.44,637.96,6550.70,6550.70,,
127,826.73,642.12,6531.90,6531.90,,
128,827.01,646.29,6557.90,6557.90,,
129,827.30,650.45,6602.70,6602.70,,
130,827.58,654.61,6700.70,6700.70,,
131,827.86,658.76,6867.10,6867.10,,
132,828.15,662.91,7196.70,7196.70,,
133,828.43,667.06,8070.90,8070.90,,
134,828.72,671.21,10436.00,10436.00,,
135,829.00,675.36,15668.70,15668.70,,
136,829.29,679.50,21567.50,21567.50,,
137,829.57,683.64,22254.00,22254.00,,
138,829.86,687.78,17394.10,17394.10,,
139,830.14,691.91,11942.40,11942.40,,
140,830.43,696.04,8826.80,8826.80,,
141,830.71,700.17,7493.70,7493.70,,
142,831.00,704.30,6925.70,6925.70,,
143,831.28,708.43,6632.00,6632.00,,
144,831.57,712.55,6443.50,6443.50,,
145,831.85,716.67,6339.20,6339.20,,
146,832.14,720.78,6269.20,6269.20,,
147,832.42,724.90,6206.20,6206.20,,
148,832.71,729.01,6145.40,6145.40,,
149,832.99,733.12,6100.70,6100.70,,
150,833.28,737.22,6039.70,6039.70,,
151,833.56,741.32,6037.90,6037.90,,
152,833.85,745.43,5996.50,5996.50,,
153,834.13,749.52,5987.10,5987.10,,
154,834.42,753.62,5975.60,5975.60,,
155,834.70,757.71,5972.60,5972.60,,
156,834.99,761.80,5980.40,5980.40,,
157,835.27,765.89,5970.00,5970.00,,
158,835.56,769.97,5987.30,5987.30,,
159,835.84,774.06,5978.10,5978.10,,
160,836.13,778.14,5992.80,5992.80,,
161,836.41,782.21,5999.50,5999.50,,
162,836.70,786.29,6001.30,6001.30,,
163,836.98,790.36,5960.40,5960.40,,
164,837.27,794.43,5956.10,5956.10,,
165,837.55,798.50,5962.60,5962.60,,
166,837.84,802.56,5952.00,5952.00,,
167,838.12,806.62,5933.10,5933.10,,
168,838.41,810.68,5908.10,5908.10,,
169,838.69,814.74,5898.10,5898.10,,
170,838.98,818.79,5900.00,5900.00,,
171,839.27,822.84,5895.80,5895.80,,
172,839.55,826.89,5895.50,5895.50,,
173,839.84,830.94,5873.50,5873.50,,
174,840.12,834.98,5885.90,5885.90,,
175,840.41,839.02,5883.80,5883.80,,
176,840.69,843.06,5888.60,5888.60,,
177,840.98,847.09,5895.10,5895.10,,
178,841.26,851.13,5876.50,5876.50,,
179,841.55,855.16,5879.00,5879.00,,
180,841.83,859.18,5859.10,5859.10,,
181,842.12,863.21,5859.10,5859.10,,
182,842.40,867.23,5858.00,5858.00,,
183,842.69,871.25,5836.60,5836.60,,
184,842.97,875.27,5841.10,5841.10,,
185,843.26,879.28,5854.90,5854.90,,
186,843.55,883.30,5850.60,5850.60,,
187,843.83,887.31,5864.90,5864.90,,
188,844.12,891.31,5880.90,5880.90,,
189,844.40,895.32,5883.80,5883.80,,
190,844.69,899.32,5886.20,5886.20,,
191,844.97,903.32,5895.10,5895.10,,
192,845.26,907.31,5900.50,5900.50,,
193,845.54,911.31,5898.90,5898.90,,
194,845.83,915.30,5931.10,5931.10,,
195,846.11,919.29,5945.50,5945.50,,
196,846.40,923.27,5971.70,5971.70,,
197,846.68,927.26,6003.70,6003.70,,
198,846.97,931.24,6032.60,6032.60,,
199,847.26,935.22,6056.30,6056.30,,
200,847.54,939.19,6091.70,6091.70,,
201,847.83,943.16,6137.20,6137.20,,
202,848.11,947.13,6158.60,6158.60,,
203,848.40,951.10,6184.00,6184.00,,
204,848.68,955.07,6199.40,6199.40,,
205,848.97,959.03,6258.10,6258.10,,
206,849.25,962.99,6332.70,6332.70,,
207,849.54,966.95,6439.20,6439.20,,
208,849.83,970.90,6618.90,6618.90,,
209,850.11,974.85,6824.20,6824.20,,
210,850.40,978.80,7019.00,7019.00,,
211,850.68,982.75,7062.00,7062.00,,
212,850.97,986.70,7032.70,7032.70,,
213,851.25,990.64,6977.70,6977.70,,
214,851.54,994.58,6903.10,6903.10,,
215,851.82,998.51,6824.80,6824.80,,
216,852.11,1002.45,6710.00,6710.00,,
217,852.40,1006.38,6567.50,6567.50,,
218,852.68,1010.31,6541.30,6541.30,,
219,852.97,1014.23,6547.00,6547.00,,
220,853.25,1018.16,6581.30,6581.30,,
221,853.54,1022.08,6604.00,6604.00,,
222,853.82,1026.00,6622.10,6622.10,,
223,854.11,1029.91,6667.70,6667.70,,
224,854.39,1033.83,6678.00,6678.00,,
225,854.68,1037.74,6729.50,6729.50,,
226,854.97,1041.65,6783.00,6783.00,,
227,855.25,1045.55,6808.40,6808.40,,
228,855.54,1049.46,6841.40,6841.40,,
229,855.82,1053.36,6845.80,6845.80,,
230,856.11,1057.25,6872.80,6872.80,,
231,856.39,1061.15,6908.30,6908.30,,
232,856.68,1065.04,6949.30,6949.30,,
233,856.96,1068.93,7034.90,7034.90,,
234,857.25,1072.82,7116.30,7116.30,,
235,857.54,1076.71,7218.50,7218.50,,
236,857.82,1080.59,7315.10,7315.10,,
237,858.11,1084.47,7401.80,7401.80,,
238,858.39,1088.35,7494.30,7494.30,,
239,858.68,1092.22,7579.10,7579.10,,
240,858.96,1096.09,7658.70,7658.70,,
241,859.25,1099.96,7701.60,7701.60,,
242,859.54,1103.83,7779.70,7779.70,,
243,859.82,1107.69,7857.40,7857.40,,
244,860.11,1111.56,7941.20,7941.20,,
245,860.39,1115.41,8032.40,8032.40,,
246,860.68,1119.27,8128.40,8128.40,,
247,860.96,1123.13,8219.40,8219.40,,
248,861.25,1126.98,8336.80,8336.80,,
249,861.53,1130.83,8448.10,8448.10,,
250,861.82,1134.67,8562.60,8562.60,,
251,862.11,1138.52,8690.70,8690.70,,
252,862.39,1142.36,8807.20,8807.20,,
253,862.68,1146.20,8931.10,8931.10,,
254,862.96,1150.03,9064.10,9064.10,,
255,863.25,1153.87,9187.20,9187.20,,
256,863.53,1157.70,9349.30,9349.30,,
257,863.82,1161.53,9478.70,9478.70,,
258,864.10,1165.35,9646.00,9646.00,,
259,864.39,1169.17,9801.10,9801.10,,
260,864.68,1173.00,9942.40,9942.40,,
261,864.96,1176.81,10073.30,10073.30,,
262,865.25,1180.63,10169.00,10169.00,,
263,865.53,1184.44,10294.20,10294.20,,
264,865.82,1188.25,10368.00,10368.00,,
265,866.10,1192.06,10462.30,10462.30,,
266,866.39,1195.87,10545.10,10545.10,,
267,866.67,1199.67,10649.30,10649.30,,
268,866.96,1203.47,10745.60,10745.60,,
269,867.25,1207.27,10836.20,10836.20,,
270,867.53,1211.06,10913.20,10913.20,,
271,867.82,1214.85,10987.20,10987.20,,
272,868.10,1218.64,11087.30,11087.30,,
273,868.39,1222.43,11178.60,11178.60,,
274,868.67,1226.22,11280.10,11280.10,,
275,868.96,1230.00,11357.70,11357.70,,
276,869.24,1233.78,11472.30,11472.30,,
277,869.53,1237.56,11568.50,11568.50,,
278,869.82,1241.33,11676.00,11676.00,,
279,870.10,1245.10,11789.20,11789.20,,
280,870.39,1248.87,11924.90,11924.90,,
281,870.67,1252.64,12063.40,12063.40,,
282,870.96,1256.40,12219.80,12219.80,,
283,871.24,1260.17,12316.50,12316.50,,
284,871.53,1263.92,12481.10,12481.10,,
285,871.81,1267.68,12631.60,12631.60,,
286,872.10,1271.44,12750.60,12750.60,,
287,872.38,1275.19,12925.20,12925.20,,
288,872.67,1278.94,13124.60,13124.60,,
289,872.96,1282.68,13361.80,13361.80,,
290,873.24,1286.43,13653.00,13653.00,,
291,873.53,1290.17,13973.70,13973.70,,
292,873.81,1293.91,14333.30,14333.30,,
293,874.10,1297.64,14701.90,14701.90,,
294,874.38,1301.38,15099.60,15099.60,,
295,874.67,1305.11,15574.40,15574.40,,
296,874.95,1308.84,16056.80,16056.80,,
297,875.24,1312.56,16613.80,16613.80,,
298,875.52,1316.29,17180.60,17180.60,,
299,875.81,1320.01,17745.20,17745.20,,
300,876.09,1323.73,18340.90,18340.90,,
301,876.38,1327.44,18913.60,18913.60,,
302,876.66,1331.16,19468.90,19468.90,,
303,876.95,1334.87,20014.80,20014.80,,
304,877.24,1338.58,20538.40,20538.40,,
305,877.52,1342.28,21021.50,21021.50,,
306,877.81,1345.99,21432.90,21432.90,,
307,878.09,1349.69,21822.30,21822.30,,
308,878.38,1353.38,22163.10,22163.10,,
309,878.66,1357.08,22439.30,22439.30,,
310,878.95,1360.77,22731.60,22731.60,,
311,879.23,1364.46,22943.80,22943.80,,
312,879.52,1368.15,23135.60,23135.60,,
313,879.80,1371.84,23274.50,23274.50,,
314,880.09,1375.52,23352.10,23352.10,,
315,880.37,1379.20,23353.20,23353.20,,
316,880.66,1382.88,23342.40,23342.40,,
317,880.94,1386.56,23300.50,23300.50,,
318,881.23,1390.23,23225.00,23225.00,,
319,881.51,1393.90,23086.90,23086.90,,
320,881.80,1397.57,22902.30,22902.30,,
321,882.08,1401.23,22709.80,22709.80,,
322,882.37,1404.89,22491.00,22491.00,,
323,882.65,1408.56,22258.70,22258.70,,
324,882.94,1412.21,22035.70,22035.70,,
325,883.22,1415.87,21792.40,21792.40,,
326,883.51,1419.52,21541.70,21541.70,,
327,883.79,1423.17,21341.90,21341.90,,
328,884.08,1426.82,21123.00,21123.00,,
329,884.36,1430.46,20923.10,20923.10,,
330,884.65,1434.11,20679.70,20679.70,,
331,884.93,1437.75,20498.80,20498.80,,
332,885.22,1441.38,20306.10,20306.10,,
333,885.50,1445.02,20083.20,20083.20,,
334,885.79,1448.65,19882.80,19882.80,,
335,886.07,1452.28,19727.20,19727.20,,
336,886.36,1455.91,19560.20,19560.20,,
337,886.64,1459.53,19355.90,19355.90,,
338,886.93,1463.16,19184.60,19184.60,,
339,887.21,1466.78,18977.50,18977.50,,
340,887.50,1470.39,18751.70,18751.70,,
341,887.78,1474.01,18565.20,18565.20,,
342,888.07,1477.62,18366.20,18366.20,,
343,888.35,1481.23,18178.00,18178.00,,
344,888.64,1484.84,17959.00,17959.00,,
345,888.92,1488.44,17716.00,17716.00,,
346,889.21,1492.05,17528.40,17528.40,,
347,889.49,1495.65,17330.90,17330.90,,
348,889.78,1499.24,17234.30,17234.30,,
349,890.06,1502.84,17144.80,17144.80,,
350,890.35,1506.43,17077.00,17077.00,,
351,890.63,1510.02,17012.20,17012.20,,
352,890.91,1513.61,17004.00,17004.00,,
353,891.20,1517.19,16929.50,16929.50,,
354,891.48,1520.78,16875.80,16875.80,,
355,891.77,1524.36,16851.20,16851.20,,
356,892.05,1527.93,16791.20,16791.20,,
357,892.34,1531.51,16771.20,16771.20,,
358,892.62,1535.08,16732.70,16732.70,,
359,892.91,1538.65,16700.80,16700.80,,
360,893.19,1542.22,16623.40,16623.40,,
361,893.48,1545.78,16570.20,16570.20,,
362,893.76,1549.34,16451.30,16451.30,,
363,894.04,1552.90,16358.80,16358.80,,
364,894.33,1556.46,16288.60,16288.60,,
365,894.61,1560.02,16196.90,16196.90,,
366,894.90,1563.57,16096.90,16096.90,,
367,895.18,1567.12,15981.10,15981.10,,
368,895.47,1570.67,15892.00,15892.00,,
369,895.75,1574.21,15848.70,15848.70,,
370,896.04,1577.75,15762.80,15762.80,,
371,896.32,1581.29,15700.60,15700.60,,
372,896.60,1584.83,15632.30,15632.30,,
373,896.89,1588.36,15617.60,15617.60,,
374,897.17,1591.90,15594.90,15594.90,,
375,897.46,1595.43,15554.60,15554.60,,
376,897.74,1598.95,15486.10,15486.10,,
377,898.03,1602.48,15419.80,15419.80,,
378,898.31,1606.00,15361.20,15361.20,,
379,898.59,1609.52,15251.20,15251.20,,
380,898.88,1613.04,15153.50,15153.50,,
381,899.16,1616.55,15055.60,15055.60,,
382,899.45,1620.07,14916.50,14916.50,,
383,899.73,1623.58,14753.80,14753.80,,
384,900.01,1627.08,14571.20,14571.20,,
385,900.30,1630.59,14424.30,14424.30,,
386,900.58,1634.09,14230.50,14230.50,,
387,900.87,1637.59,14082.30,14082.30,,
388,901.15,1641.09,13958.80,13958.80,,
389,901.43,1644.58,13805.30,13805.30,,
390,901.72,1648.08,13645.50,13645.50,,
391,902.00,1651.57,13479.10,13479.10,,
392,902.29,1655.05,13321.70,13321.70,,
393,902.57,1658.54,13119.10,13119.10,,
394,902.85,1662.02,12939.10,12939.10,,
395,903.14,1665.50,12757.80,12757.80,,
396,903.42,1668.98,12583.70,12583.70,,
397,903.70,1672.46,12439.90,12439.90,,
398,903.99,1675.93,12316.00,12316.00,,
399,904.27,1679.40,12228.90,12228.90,,
400,904.55,1682.87,12160.50,12160.50,,
401,904.84,1686.33,12090.10,12090.10,,
402,905.12,1689.79,12016.40,12016.40,,
403,905.41,1693.25,11925.60,11925.60,,
404,905.69,1696.71,11840.20,11840.20,,
405,905.97,1700.17,11717.50,11717.50,,
406,906.26,1703.62,11602.20,11602.20,,
407,906.54,1707.07,11472.40,11472.40,,
408,906.82,1710.52,11347.40,11347.40,,
409,907.11,1713.97,11221.80,11221.80,,
410,907.39,1717.41,11083.50,11083.50,,
411,907.67,1720.85,10985.90,10985.90,,
412,907.96,1724.29,10853.70,10853.70,,
413,908.24,1727.72,10747.20,10747.20,,
414,908.52,1731.16,10685.10,10685.10,,
415,908.81,1734.59,10601.80,10601.80,,
416,909.09,1738.02,10527.20,10527.20,,
417,909.37,1741.44,10458.90,10458.90,,
418,909.66,1744.87,10411.10,10411.10,,
419,909.94,1748.29,10379.50,10379.50,,
420,910.22,1751.71,10307.30,10307.30,,
421,910.51,1755.12,10278.80,10278.80,,
422,910.79,1758.54,10225.20,10225.20,,
423,911.07,1761.95,10218.00,10218.00,,
424,911.36,1765.36,10136.20,10136.20,,
425,911.64,1768.76,10070.40,10070.40,,
426,911.92,1772.17,9994.70,9994.70,,
427,912.20,1775.57,9930.30,9930.30,,
428,912.49,1778.97,9863.90,9863.90,,
429,912.77,1782.36,9801.60,9801.60,,
430,913.05,1785.76,9760.90,9760.90,,
431,913.34,1789.15,9723.00,9723.00,,
432,913.62,1792.54,9687.90,9687.90,,
433,913.90,1795.92,9670.80,9670.80,,
434,914.18,1799.31,9681.20,9681.20,,
435,914.47,1802.69,9669.90,9669.90,,
436,914.75,1806.07,9664.80,9664.80,,
437,915.03,1809.45,9655.00,9655.00,,
438,915.31,1812.82,9650.80,9650.80,,
439,915.60,1816.19,9677.60,9677.60,,
440,915.88,1819.56,9670.10,9670.10,,
441,916.16,1822.93,9667.30,9667.30,,
442,916.44,1826.29,9645.90,9645.90,,
443,916.73,1829.66,9643.90,9643.90,,
444,917.01,1833.02,9635.20,9635.20,,
445,917.29,1836.37,9640.00,9640.00,,
446,917.57,1839.73,9602.40,9602.40,,
447,917.86,1843.08,9561.50,9561.50,,
448,918.14,1846.43,9556.10,9556.10,,
449,918.42,1849.78,9509.70,9509.70,,
450,918.70,1853.12,9497.10,9497.10,,
451,918.99,1856.47,9442.90,9442.90,,
452,919.27,1859.81,9415.20,9415.20,,
453,919.55,1863.15,9373.50,9373.50,,
454,919.83,1866.48,9340.50,9340.50,,
455,920.11,1869.81,9298.20,9298.20,,
456,920.40,1873.15,9257.70,9257.70,,
457,920.68,1876.47,9212.00,9212.00,,
458,920.96,1879.80,9187.60,9187.60,,
459,921.24,1883.12,9148.90,9148.90,,
460,921.52,1886.44,9092.20,9092.20,,
461,921.81,1889.76,9047.00,9047.00,,
462,922.09,1893.08,8996.30,8996.30,,
463,922.37,1896.39,8920.50,8920.50,,
464,922.65,1899.70,8854.40,8854.40,,
465,922.93,1903.01,8771.30,8771.30,,
466,923.22,1906.32,8688.70,8688.70,,
467,923.50,1909.62,8605.00,8605.00,,
468,923.78,1912.92,8496.40,8496.40,,
469,924.06,1916.22,8399.00,8399.00,,
470,924.34,1919.52,8282.00,8282.00,,
471,924.62,1922.81,8193.30,8193.30,,
472,924.91,1926.11,8089.50,8089.50,,
473,925.19,1929.40,7986.90,7986.90,,
474,925.47,1932.68,7920.10,7920.10,,
475,925.75,1935.97,7824.70,7824.70,,
476,926.03,1939.25,7744.30,7744.30,,
477,926.31,1942.53,7654.80,7654.80,,
478,926.59,1945.81,7560.90,7560.90,,
479,926.87,1949.08,7475.30,7475.30,,
480,927.16,1952.36,7370.70,7370.70,,
481,927.44,1955.63,7256.10,7256.10,,
482,927.72,1958.89,7145.20,7145.20,,
483,928.00,1962.16,7000.30,7000.30,,
484,928.28,1965.42,6868.80,6868.80,,
485,928.56,1968.68,6737.20,6737.20,,
486,928.84,1971.94,6611.30,6611.30,,
487,929.12,1975.20,6485.30,6485.30,,
488,929.40,1978.45,6381.90,6381.90,,
489,929.69,1981.70,6274.60,6274.60,,
490,929.97,1984.95,6176.20,6176.20,,
491,930.25,1988.20,6081.70,6081.70,,
492,930.53,1991.44,5980.10,5980.10,,
493,930.81,1994.68,5894.40,5894.40,,
494,931.09,1997.92,5799.40,5799.40,,
495,931.37,2001.16,5719.30,5719.30,,
496,931.65,2004.39,5632.30,5632.30,,
497,931.93,2007.62,5540.90,5540.90,,
498,932.21,2010.85,5443.20,5443.20,,
499,932.49,2014.08,5365.30,5365.30,,
500,932.77,2017.30,5260.50,5260.50,,
501,933.05,2020.53,5170.00,5170.00,,
502,933.33,2023.75,5083.60,5083.60,,
503,933.61,2026.96,5019.00,5019.00,,
504,933.89,2030.18,4945.90,4945.90,,
505,934.17,2033.39,4887.20,4887.20,,
506,934.46,2036.60,4818.10,4818.10,,
507,934.74,2039.81,4766.10,4766.10,,
508,935.02,2043.02,4712.60,4712.60,,
509,935.30,2046.22,4650.40,4650.40,,
510,935.58,2049.42,4610.10,4610.10,,
511,935.86,2052.62,4557.50,4557.50,,
512,936.14,2055.81,4515.30,4515.30,,
513,936.42,2059.01,4473.10,4473.10,,
514,936.70,2062.20,4408.80,4408.80,,
515,936.98,2065.39,4371.60,4371.60,,
516,937.26,2068.58,4320.80,4320.80,,
517,937.54,2071.76,4283.60,4283.60,,
518,937.81,2074.94,4254.60,4254.60,,
519,938.09,2078.12,4219.20,4219.20,,
520,938.37,2081.30,4174.60,4174.60,,
521,938.65,2084.47,4155.30,4155.30,,
522,938.93,2087.64,4119.20,4119.20,,
523,939.21,2090.81,4098.00,4098.00,,
524,939.49,2093.98,4078.00,4078.00,,
525,939.77,2097.15,4056.30,4056.30,,
526,940.05,2100.31,4022.10,4022.10,,
527,940.33,2103.47,3983.00,3983.00,,
528,940.61,2106.63,3965.00,3965.00,,
529,940.89,2109.78,3933.60,3933.60,,
530,941.17,2112.94,3913.30,3913.30,,
531,941.45,2116.09,3876.50,3876.50,,
532,941.73,2119.24,3857.60,3857.60,,
533,942.01,2122.38,3826.10,3826.10,,
534,942.29,2125.53,3798.00,3798.00,,
535,942.56,2128.67,3782.20,3782.20,,
536,942.84,2131.81,3751.60,3751.60,,
537,943.12,2134.94,3732.30,3732.30,,
538,943.40,2138.08,3723.20,3723.20,,
539,943.68,2141.21,3696.40,3696.40,,
540,943.96,2144.34,3673.10,3673.10,,
541,944.24,2147.47,3646.20,3646.20,,
542,944.52,2150.59,3625.40,3625.40,,
543,944.79,2153.72,3621.90,3621.90,,
544,945.07,2156.84,3608.70,3608.70,,
545,945.35,2159.95,3574.30,3574.30,,
546,945.63,2163.07,3566.00,3566.00,,
547,945.91,2166.18,3543.30,3543.30,,
548,946.19,2169.29,3516.80,3516.80,,
549,946.47,2172.40,3510.20,3510.20,,
550,946.74,2175.51,3500.60,3500.60,,
551,947.02,2178.61,3476.20,3476.20,,
552,947.30,2181.71,3470.40,3470.40,,
553,947.58,2184.81,3460.10,3460.10,,
554,947.86,2187.91,3442.90,3442.90,,
555,948.13,2191.00,3432.60,3432.60,,
556,948.41,2194.10,3425.60,3425.60,,
557,948.69,2197.19,3415.10,3415.10,,
558,948.97,2200.27,3402.20,3402.20,,
559,949.25,2203.36,3383.20,3383.20,,
560,949.52,2206.44,3372.80,3372.80,,
561,949.80,2209.52,3360.60,3360.60,,
562,950.08,2212.60,3346.80,3346.80,,
563,950.36,2215.67,3339.40,3339.40,,
564,950.64,2218.75,3322.10,3322.10,,
565,950.91,2221.82,3318.00,3318.00,,
566,951.19,2224.89,3307.90,3307.90,,
567,951.47,2227.95,3293.60,3293.60,,
568,951.75,2231.02,3284.70,3284.70,,
569,952.02,2234.08,3272.00,3272.00,,
570,952.30,2237.14,3254.30,3254.30,,
571,952.58,2240.20,3234.80,3234.80,,
572,952.86,2243.25,3219.40,3219.40,,
573,953.13,2246.30,3221.80,3221.80,,
574,953.41,2249.35,3208.40,3208.40,,
575,953.69,2252.40,3195.60,3195.60,,
576,953.96,2255.45,3174.60,3174.60,,
577,954.24,2258.49,3170.00,3170.00,,
578,954.52,2261.53,3157.60,3157.60,,
579,954.79,2264.57,3152.40,3152.40,,
580,955.07,2267.61,3136.80,3136.80,,
581,955.35,2270.64,3127.30,3127.30,,
582,955.63,2273.67,3121.20,3121.20,,
583,955.90,2276.70,3120.40,3120.40,,
584,956.18,2279.73,3118.60,3118.60,,
585,956.45,2282.75,3107.40,3107.40,,
586,956.73,2285.77,3095.00,3095.00,,
587,957.01,2288.79,3090.00,3090.00,,
588,957.28,2291.81,3084.60,3084.60,,
589,957.56,2294.83,3064.50,3064.50,,
590,957.84,2297.84,3065.40,3065.40,,
591,958.11,2300.85,3040.40,3040.40,,
592,958.39,2303.86,3037.80,3037.80,,
593,958.67,2306.86,3028.00,3028.00,,
594,958.94,2309.87,3021.00,3021.00,,
595,959.22,2312.87,3005.70,3005.70,,
596,959.49,2315.87,2997.20,2997.20,,
597,959.77,2318.86,2996.20,2996.20,,
598,960.05,2321.86,2995.00,2995.00,,
599,960.32,2324.85,3001.80,3001.80,,
600,960.60,2327.84,2986.50,2986.50,,
601,960.87,2330.83,2969.70,2969.70,,
602,961.15,2333.81,2959.30,2959.30,,
603,961.42,2336.80,2942.00,2942.00,,
604,961.70,2339.78,2924.20,2924.20,,
605,961.98,2342.75,2921.60,2921.60,,
606,962.25,2345.73,2903.60,2903.60,,
607,962.53,2348.70,2898.70,2898.70,,
608,962.80,2351.68,2890.20,2890.20,,
609,963.08,2354.64,2881.40,2881.40,,
610,963.35,2357.61,2879.80,2879.80,,
611,963.63,2360.58,2863.00,2863.00,,
612,963.90,2363.54,2847.40,2847.40,,
613,964.18,2366.50,2843.50,2843.50,,
614,964.45,2369.46,2837.70,2837.70,,
615,964.73,2372.41,2824.30,2824.30,,
616,965.00,2375.36,2814.50,2814.50,,
617,965.28,2378.31,2809.80,2809.80,,
618,965.55,2381.26,2796.10,2796.10,,
619,965.83,2384.21,2788.10,2788.10,,
620,966.10,2387.15,2783.90,2783.90,,
621,966.38,2390.09,2771.80,2771.80,,
622,966.65,2393.03,2769.20,2769.20,,
623,966.93,2395.97,2760.60,2760.60,,
624,967.20,2398.91,2756.00,2756.00,,
625,967.47,2401.84,2752.90,2752.90,,
626,967.75,2404.77,2729.50,2729.50,,
627,968.02,2407.70,2715.00,2715.00,,
628,968.30,2410.62,2716.50,2716.50,,
629,968.57,2413.54,2703.70,2703.70,,
630,968.85,2416.47,2695.40,2695.40,,
631,969.12,2419.38,2677.50,2677.50,,
632,969.39,2422.30,2686.20,2686.20,,
633,969.67,2425.21,2665.70,2665.70,,
634,969.94,2428.13,2651.70,2651.70,,
635,970.22,2431.04,2657.30,2657.30,,
636,970.49,2433.94,2640.60,2640.60,,
637,970.76,2436.85,2640.10,2640.10,,
638,971.04,2439.75,2632.00,2632.00,,
639,971.31,2442.65,2633.10,2633.10,,
640,971.58,2445.55,2619.80,2619.80,,
641,971.86,2448.45,2615.40,2615.40,,
642,972.13,2451.34,2612.60,2612.60,,
643,972.40,2454.23,2595.00,2595.00,,
644,972.68,2457.12,2587.80,2587.80,,
645,972.95,2460.01,2582.90,2582.90,,
646,973.22,2462.89,2574.70,2574.70,,
647,973.50,2465.77,2564.40,2564.40,,
648,973.77,2468.65,2558.80,2558.80,,
649,974.04,2471.53,2549.60,2549.60,,
650,974.32,2474.41,2538.60,2538.60,,
651,974.59,2477.28,2537.10,2537.10,,
652,974.86,2480.15,2523.20,2523.20,,
653,975.13,2483.02,2522.60,2522.60,,
654,975.41,2485.89,2505.40,2505.40,,
655,975.68,2488.75,2499.90,2499.90,,
656,975.95,2491.61,2494.50,2494.50,,
657,976.22,2494.47,2485.50,2485.50,,
658,976.50,2497.33,2470.50,2470.50,,
659,976.77,2500.19,2479.30,2479.30,,
660,977.04,2503.04,2465.40,2465.40,,
661,977.31,2505.89,2461.40,2461.40,,
662,977.59,2508.74,2450.30,2450.30,,
663,977.86,2511.58,2440.50,2440.50,,
664,978.13,2514.43,2438.50,2438.50,,
665,978.40,2517.27,2429.70,2429.70,,
666,978.67,2520.11,2430.90,2430.90,,
667,978.94,2522.95,2417.00,2417.00,,
668,979.22,2525.78,2414.50,2414.50,,
669,979.49,2528.61,2401.70,2401.70,,
670,979.76,2531.44,2396.60,2396.60,,
671,980.03,2534.27,2385.90,2385.90,,
672,980.30,2537.10,2377.60,2377.60,,
673,980.57,2539.92,2375.00,2375.00,,
674,980.85,2542.74,2356.30,2356.30,,
675,981.12,2545.56,2356.30,2356.30,,
676,981.39,2548.38,2349.90,2349.90,,
677,981.66,2551.19,2338.20,2338.20,,
678,981.93,2554.01,2343.10,2343.10,,
679,982.20,2556.82,2325.00,2325.00,,
680,982.47,2559.63,2322.20,2322.20,,
681,982.74,2562.43,2315.70,2315.70,,
682,983.01,2565.24,2310.70,2310.70,,
683,983.29,2568.04,2308.70,2308.70,,
684,983.56,2570.84,2297.20,2297.20,,
685,983.83,2573.63,2299.50,2299.50,,
686,984.10,2576.43,2290.50,2290.50,,
687,984.37,2579.22,2282.00,2282.00,,
688,984.64,2582.01,2279.80,2279.80,,
689,984.91,2584.80,2262.30,2262.30,,
690,985.18,2587.58,2260.70,2260.70,,
691,985.45,2590.37,2251.40,2251.40,,
692,985.72,2593.15,2248.00,2248.00,,
693,985.99,2595.93,2233.80,2233.80,,
694,986.26,2598.70,2233.00,2233.00,,
695,986.53,2601.48,2227.80,2227.80,,
696,986.80,2604.25,2219.00,2219.00,,
697,987.07,2607.02,2204.90,2204.90,,
698,987.34,2609.79,2206.30,2206.30,,
699,987.61,2612.55,2190.70,2190.70,,
700,987.88,2615.32,2191.30,2191.30,,
701,988.15,2618.08,2179.30,2179.30,,
702,988.42,2620.84,2173.40,2173.40,,
703,988.69,2623.60,2163.20,2163.20,,
704,988.96,2626.35,2159.40,2159.40,,
705,989.22,2629.10,2157.00,2157.00,,
706,989.49,2631.85,2146.80,2146.80,,
707,989.76,2634.60,2143.30,2143.30,,
708,990.03,2637.35,2135.70,2135.70,,
709,990.30,2640.09,2127.90,2127.90,,
710,990.57,2642.83,2119.20,2119.20,,
711,990.84,2645.57,2119.70,2119.70,,
712,991.11,2648.31,2112.30,2112.30,,
713,991.38,2651.04,2103.70,2103.70,,
714,991.65,2653.77,2097.20,2097.20,,
715,991.91,2656.50,2097.20,2097.20,,
716,992.18,2659.23,2088.10,2088.10,,
717,992.45,2661.96,2090.30,2090.30,,
718,992.72,2664.68,2082.20,2082.20,,
719,992.99,2667.40,2076.20,2076.20,,
720,993.26,2670.12,2067.90,2067.90,,
721,993.52,2672.84,2066.70,2066.70,,
722,993.79,2675.55,2060.60,2060.60,,
723,994.06,2678.27,2053.80,2053.80,,
724,994.33,2680.98,2047.80,2047.80,,
725,994.60,2683.69,2039.90,2039.90,,
726,994.86,2686.39,2035.30,2035.30,,
727,995.13,2689.10,2032.60,2032.60,,
728,995.40,2691.80,2022.60,2022.60,,
729,995.67,2694.50,2014.00,2014.00,,
730,995.93,2697.19,2012.70,2012.70,,
731,996.20,2699.89,2006.20,2006.20,,
732,996.47,2702.58,1997.10,1997.10,,
733,996.74,2705.27,1996.80,1996.80,,
734,997.00,2707.96,1988.80,1988.80,,
735,997.27,2710.65,1982.50,1982.50,,
736,997.54,2713.33,1980.30,1980.30,,
737,997.80,2716.01,1972.90,1972.90,,
738,998.07,2718.69,1970.30,1970.30,,
739,998.34,2721.37,1966.50,1966.50,,
740,998.60,2724.05,1962.90,1962.90,,
741,998.87,2726.72,1955.30,1955.30,,
742,999.14,2729.39,1950.60,1950.60,,
743,999.40,2732.06,1939.50,1939.50,,
744,999.67,2734.73,1935.80,1935.80,,
745,999.94,2737.39,1925.70,1925.70,,
746,1000.20,2740.05,1917.90,1917.90,,
747,1000.47,2742.71,1915.20,1915.20,,
748,1000.73,2745.37,1910.60,1910.60,,
749,1001.00,2748.03,1900.40,1900.40,,
750,1001.27,2750.68,1894.90,1894.90,,
751,1001.53,2753.33,1885.60,1885.60,,
752,1001.80,2755.98,1884.20,1884.20,,
753,1002.06,2758.63,1875.30,1875.30,,
754,1002.33,2761.27,1868.30,1868.30,,
755,1002.60,2763.91,1872.20,1872.20,,
756,1002.86,2766.55,1863.50,1863.50,,
757,1003.13,2769.19,1854.50,1854.50,,
758,1003.39,2771.83,1854.10,1854.10,,
759,1003.66,2774.46,1840.10,1840.10,,
760,1003.92,2777.09,1834.80,1834.80,,
761,1004.19,2779.72,1832.10,1832.10,,
762,1004.45,2782.35,1824.50,1824.50,,
763,1004.72,2784.98,1819.00,1819.00,,
764,1004.98,2787.60,1810.30,1810.30,,
765,1005.25,2790.22,1805.80,1805.80,,
766,1005.51,2792.84,1803.10,1803.10,,
767,1005.78,2795.46,1796.90,1796.90,,
768,1006.04,2798.07,1799.10,1799.10,,
769,1006.31,2800.68,1794.50,1794.50,,
770,1006.57,2803.29,1790.90,1790.90,,
771,1006.83,2805.90,1788.20,1788.20,,
772,1007.10,2808.51,1783.50,1783.50,,
773,1007.36,2811.11,1780.40,1780.40,,
774,1007.63,2813.71,1785.20,1785.20,,
775,1007.89,2816.31,1776.60,1776.60,,
776,1008.15,2818.91,1778.40,1778.40,,
777,1008.42,2821.50,1770.70,1770.70,,
778,1008.68,2824.10,1775.70,1775.70,,
779,1008.95,2826.69,1761.30,1761.30,,
780,1009.21,2829.28,1767.80,1767.80,,
781,1009.47,2831.86,1768.90,1768.90,,
782,1009.74,2834.45,1770.70,1770.70,,
783,1010.00,2837.03,1775.30,1775.30,,
784,1010.26,2839.61,1781.10,1781.10,,
785,1010.53,2842.19,1790.90,1790.90,,
786,1010.79,2844.76,1797.90,1797.90,,
787,1011.05,2847.34,1812.60,1812.60,,
788,1011.31,2849.91,1813.50,1813.50,,
789,1011.58,2852.48,1813.40,1813.40,,
790,1011.84,2855.04,1813.50,1813.50,,
791,1012.10,2857.61,1817.50,1817.50,,
792,1012.37,2860.17,1818.80,1818.80,,
793,1012.63,2862.73,1811.40,1811.40,,
794,1012.89,2865.29,1819.50,1819.50,,
795,1013.15,2867.85,1818.60,1818.60,,
796,1013.42,2870.40,1824.00,1824.00,,
797,1013.68,2872.95,1832.20,1832.20,,
798,1013.94,2875.50,1831.30,1831.30,,
799,1014.20,2878.05,1822.80,1822.80,,
800,1014.46,2880.60,1824.90,1824.90,,
801,1014.73,2883.14,1816.70,1816.70,,
802,1014.99,2885.68,1828.60,1828.60,,
803,1015.25,2888.22,1824.30,1824.30,,
804,1015.51,2890.76,1822.10,1822.10,,
805,1015.77,2893.29,1821.60,1821.60,,
806,1016.03,2895.83,1826.80,1826.80,,
807,1016.29,2898.36,1825.60,1825.60,,
808,1016.56,2900.89,1827.40,1827.40,,
809,1016.82,2903.41,1819.20,1819.20,,
810,1017.08,2905.94,1822.70,1822.70,,
811,1017.34,2908.46,1820.70,1820.70,,
812,1017.60,2910.98,1826.30,1826.30,,
813,1017.86,2913.50,1829.10,1829.10,,
814,1018.12,2916.01,1830.00,1830.00,,
815,1018.38,2918.53,1825.40,1825.40,,
816,1018.64,2921.04,1821.60,1821.60,,
817,1018.90,2923.55,1817.60,1817.60,,
818,1019.16,2926.05,1820.90,1820.90,,
819,1019.42,2928.56,1815.20,1815.20,,
820,1019.68,2931.06,1810.40,1810.40,,
821,1019.94,2933.56,1799.80,1799.80,,
822,1020.20,2936.06,1789.50,1789.50,,
823,1020.46,2938.56,1774.10,1774.10,,
824,1020.72,2941.05,1766.90,1766.90,,
825,1020.98,2943.55,1746.60,1746.60,,
826,1021.24,2946.04,1725.80,1725.80,,
827,1021.50,2948.53,1719.70,1719.70,,
828,1021.76,2951.01,1703.50,1703.50,,
829,1022.02,2953.50,1691.40,1691.40,,
830,1022.28,2955.98,1677.00,1677.00,,
831,1022.54,2958.46,1668.60,1668.60,,
832,1022.80,2960.94,1658.10,1658.10,,
833,1023.06,2963.41,1647.50,1647.50,,
834,1023.32,2965.88,1644.00,1644.00,,
835,1023.58,2968.36,1636.30,1636.30,,
836,1023.83,2970.83,1627.00,1627.00,,
837,1024.09,2973.29,1619.70,1619.70,,
838,1024.35,2975.76,1608.50,1608.50,,
839,1024.61,2978.22,1602.80,1602.80,,
840,1024.87,2980.68,1597.10,1597.10,,
841,1025.13,2983.14,1588.30,1588.30,,
842,1025.39,2985.60,1587.10,1587.10,,
843,1025.64,2988.05,1580.30,1580.30,,
844,1025.90,2990.50,1569.20,1569.20,,
845,1026.16,2992.95,1570.20,1570.20,,
846,1026.42,2995.40,1565.00,1565.00,,
847,1026.68,2997.85,1556.80,1556.80,,
848,1026.93,3000.29,1550.00,1550.00,,
849,1027.19,3002.74,1550.90,1550.90,,
850,1027.45,3005.18,1542.80,1542.80,,
851,1027.71,3007.61,1538.80,1538.80,,
852,1027.96,3010.05,1535.70,1535.70,,
853,1028.22,3012.48,1532.30,1532.30,,
854,1028.48,3014.91,1537.30,1537.30,,
855,1028.73,3017.34,1530.10,1530.10,,
856,1028.99,3019.77,1525.10,1525.10,,
857,1029.25,3022.20,1520.30,1520.30,,
858,1029.50,3024.62,1523.10,1523.10,,
859,1029.76,3027.04,1515.20,1515.20,,
860,1030.02,3029.46,1516.40,1516.40,,
861,1030.27,3031.88,1515.20,1515.20,,
862,1030.53,3034.29,1521.40,1521.40,,
863,1030.79,3036.70,1520.50,1520.50,,
864,1031.04,3039.11,1519.40,1519.40,,
865,1031.30,3041.52,1516.70,1516.70,,
866,1031.56,3043.93,1523.40,1523.40,,
867,1031.81,3046.33,1524.20,1524.20,,
868,1032.07,3048.74,1532.30,1532.30,,
869,1032.32,3051.14,1530.00,1530.00,,
870,1032.58,3053.53,1537.40,1537.40,,
871,1032.83,3055.93,1537.20,1537.20,,
872,1033.09,3058.32,1538.60,1538.60,,
873,1033.35,3060.72,1536.90,1536.90,,
874,1033.60,3063.11,1535.20,1535.20,,
875,1033.86,3065.49,1535.80,1535.80,,
876,1034.11,3067.88,1544.50,1544.50,,
877,1034.37,3070.26,1531.60,1531.60,,
878,1034.62,3072.65,1540.10,1540.10,,
879,1034.88,3075.02,1537.00,1537.00,,
880,1035.13,3077.40,1536.00,1536.00,,
881,1035.38,3079.78,1536.10,1536.10,,
882,1035.64,3082.15,1533.90,1533.90,,
883,1035.89,3084.52,1536.20,1536.20,,
884,1036.15,3086.89,1531.20,1531.20,,
885,1036.40,3089.26,1533.20,1533.20,,
886,1036.66,3091.62,1534.20,1534.20,,
887,1036.91,3093.99,1533.60,1533.60,,
888,1037.16,3096.35,1538.30,1538.30,,
889,1037.42,3098.71,1543.50,1543.50,,
890,1037.67,3101.06,1540.80,1540.80,,
891,1037.92,3103.42,1539.20,1539.20,,
892,1038.18,3105.77,1546.80,1546.80,,
893,1038.43,3108.12,1545.50,1545.50,,
894,1038.69,3110.47,1548.70,1548.70,,
895,1038.94,3112.82,1559.30,1559.30,,
896,1039.19,3115.16,1554.40,1554.40,,
897,1039.44,3117.50,1556.30,1556.30,,
898,1039.70,3119.84,1564.70,1564.70,,
899,1039.95,3122.18,1568.90,1568.90,,
900,1040.20,3124.52,1570.50,1570.50,,
901,1040.46,3126.85,1568.30,1568.30,,
902,1040.71,3129.18,1566.40,1566.40,,
903,1040.96,3131.51,1575.20,1575.20,,
904,1041.21,3133.84,1572.80,1572.80,,
905,1041.46,3136.17,1574.20,1574.20,,
906,1041.72,3138.49,1580.40,1580.40,,
907,1041.97,3140.81,1583.00,1583.00,,
908,1042.22,3143.13,1576.90,1576.90,,
909,1042.47,3145.45,1587.40,1587.40,,
910,1042.72,3147.76,1581.90,1581.90,,
911,1042.98,3150.08,1583.00,1583.00,,
912,1043.23,3152.39,1589.80,1589.80,,
913,1043.48,3154.70,1593.10,1593.10,,
914,1043.73,3157.01,1596.80,1596.80,,
915,1043.98,3159.31,1596.10,1596.10,,
916,1044.23,3161.62,1603.70,1603.70,,
917,1044.48,3163.92,1604.90,1604.90,,
918,1044.73,3166.22,1614.70,1614.70,,
919,1044.99,3168.51,1623.00,1623.00,,
920,1045.24,3170.81,1628.30,1628.30,,
921,1045.49,3173.10,1635.30,1635.30,,
922,1045.74,3175.39,1638.10,1638.10,,
923,1045.99,3177.68,1651.70,1651.70,,
924,1046.24,3179.97,1659.50,1659.50,,
925,1046.49,3182.25,1662.60,1662.60,,
926,1046.74,3184.54,1670.50,1670.50,,
927,1046.99,3186.82,1676.00,1676.00,,
928,1047.24,3189.10,1682.50,1682.50,,
929,1047.49,3191.37,1690.10,1690.10,,
930,1047.74,3193.65,1703.40,1703.40,,
931,1047.99,3195.92,1711.80,1711.80,,
932,1048.24,3198.19,1718.00,1718.00,,
933,1048.49,3200.46,1723.90,1723.90,,
934,1048.73,3202.73,1730.40,1730.40,,
935,1048.98,3204.99,1741.70,1741.70,,
936,1049.23,3207.25,1740.10,1740.10,,
937,1049.48,3209.52,1754.20,1754.20,,
938,1049.73,3211.77,1765.10,1765.10,,
939,1049.98,3214.03,1772.20,1772.20,,
940,1050.23,3216.28,1776.80,1776.80,,
941,1050.48,3218.54,1782.30,1782.30,,
942,1050.72,3220.79,1798.50,1798.50,,
943,1050.97,3223.04,1804.30,1804.30,,
944,1051.22,3225.28,1823.00,1823.00,,
945,1051.47,3227.53,1838.70,1838.70,,
946,1051.72,3229.77,1837.10,1837.10,,
947,1051.97,3232.01,1852.20,1852.20,,
948,1052.21,3234.25,1858.50,1858.50,,
949,1052.46,3236.48,1867.00,1867.00,,
950,1052.71,3238.72,1873.30,1873.30,,
951,1052.96,3240.95,1874.00,1874.00,,
952,1053.20,3243.18,1886.30,1886.30,,
953,1053.45,3245.41,1892.40,1892.40,,
954,1053.70,3247.64,1894.30,1894.30,,
955,1053.94,3249.86,1903.40,1903.40,,
956,1054.19,3252.08,1909.80,1909.80,,
957,1054.44,3254.30,1914.60,1914.60,,
958,1054.68,3256.52,1921.30,1921.30,,
959,1054.93,3258.74,1922.20,1922.20,,
960,1055.18,3260.95,1913.20,1913.20,,
961,1055.42,3263.16,1918.60,1918.60,,
962,1055.67,3265.37,1916.90,1916.90,,
963,1055.92,3267.58,1914.60,1914.60,,
964,1056.16,3269.79,1907.90,1907.90,,
965,1056.41,3271.99,1903.80,1903.80,,
966,1056.65,3274.19,1892.60,1892.60,,
967,1056.90,3276.39,1897.40,1897.40,,
968,1057.15,3278.59,1896.50,1896.50,,
969,1057.39,3280.79,1904.70,1904.70,,
970,1057.64,3282.98,1902.50,1902.50,,
971,1057.88,3285.17,1896.90,1896.90,,
972,1058.13,3287.36,1893.70,1893.70,,
973,1058.37,3289.55,1895.60,1895.60,,
974,1058.62,3291.74,1893.20,1893.20,,
975,1058.86,3293.92,1892.50,1892.50,,
976,1059.11,3296.11,1876.80,1876.80,,
977,1059.35,3298.29,1871.30,1871.30,,
978,1059.60,3300.46,1862.50,1862.50,,
979,1059.84,3302.64,1846.60,1846.60,,
980,1060.08,3304.81,1833.80,1833.80,,
981,1060.33,3306.99,1824.10,1824.10,,
982,1060.57,3309.16,1813.60,1813.60,,
983,1060.82,3311.32,1799.40,1799.40,,
984,1061.06,3313.49,1788.50,1788.50,,
985,1061.30,3315.65,1786.80,1786.80,,
986,1061.55,3317.82,1774.80,1774.80,,
987,1061.79,3319.98,1765.40,1765.40,,
988,1062.03,3322.13,1756.70,1756.70,,
989,1062.28,3324.29,1753.20,1753.20,,
990,1062.52,3326.45,1735.80,1735.80,,
991,1062.76,3328.60,1737.60,1737.60,,
992,1063.01,3330.75,1720.70,1720.70,,
993,1063.25,3332.90,1714.30,1714.30,,
994,1063.49,3335.04,1706.10,1706.10,,
995,1063.73,3337.19,1693.20,1693.20,,
996,1063.98,3339.33,1688.50,1688.50,,
997,1064.22,3341.47,1677.10,1677.10,,
998,1064.46,3343.61,1658.90,1658.90,,
999,1064.70,3345.74,1650.00,1650.00,,
1000,1064.95,3347.88,1636.80,1636.80,,
1001,1065.19,3350.01,1621.50,1621.50,,
1002,1065.43,3352.14,1610.10,1610.10,,
1003,1065.67,3354.27,1598.10,1598.10,,
1004,1065.91,3356.40,1585.20,1585.20,,
1005,1066.15,3358.52,1581.60,1581.60,,
1006,1066.40,3360.64,1579.30,1579.30,,
1007,1066.64,3362.76,1568.00,1568.00,,
1008,1066.88,3364.88,1560.40,1560.40,,
1009,1067.12,3367.00,1551.60,1551.60,,
1010,1067.36,3369.11,1543.10,1543.10,,
1011,1067.60,3371.22,1535.30,1535.30,,
1012,1067.84,3373.34,1520.40,1520.40,,
1013,1068.08,3375.44,1507.40,1507.40,,
1014,1068.32,3377.55,1493.80,1493.80,,
1015,1068.56,3379.66,1479.80,1479.80,,
1016,1068.80,3381.76,1466.30,1466.30,,
1017,1069.04,3383.86,1456.00,1456.00,,
1018,1069.28,3385.96,1446.00,1446.00,,
1019,1069.52,3388.05,1435.70,1435.70,,
1020,1069.76,3390.15,1418.80,1418.80,,
1021,1070.00,3392.24,1415.40,1415.40,,
1022,1070.24,3394.33,1394.80,1394.80,,
1023,1070.48,3396.42,1385.60,1385.60,,
